{
  "170": 43.044811487197876,
  "171": 29.504613399505615
}